{"cameraMode":{"drawMode":0,"name":"Shaded","section":"Shading Mode"},"sceneLighting":true,"audioPlay":false,"sceneViewState":{"showFog":true,"showMaterialUpdate":false,"showSkybox":true,"showFlares":true,"showImageEffects":true,"showParticleSystems":true},"in2DMode":false,"pivot":{"x":23.292186737060548,"y":2.3632659912109377,"z":34.158912658691409},"rotation":{"x":-0.19591428339481355,"y":0.15721148252487184,"z":-0.03183678165078163,"w":-0.9674212336540222},"size":92.60490417480469,"orthographic":false}