{"cameraMode":{"drawMode":0,"name":"Shaded","section":"Shading Mode"},"sceneLighting":true,"audioPlay":false,"sceneViewState":{"showFog":true,"showMaterialUpdate":false,"showSkybox":true,"showFlares":true,"showImageEffects":true,"showParticleSystems":true},"in2DMode":false,"pivot":{"x":-1.173828125,"y":-0.15771484375,"z":1.9605712890625},"rotation":{"x":0.06444483250379563,"y":-0.018859107047319413,"z":0.0012284563854336739,"w":0.9977583885192871},"size":2.4488487243652345,"orthographic":true}