{"cameraMode":{"drawMode":0,"name":"Shaded","section":"Shading Mode"},"sceneLighting":false,"audioPlay":false,"sceneViewState":{"showFog":true,"showMaterialUpdate":false,"showSkybox":true,"showFlares":true,"showImageEffects":true,"showParticleSystems":true},"in2DMode":false,"pivot":{"x":573.6812744140625,"y":239.78890991210938,"z":0.0},"rotation":{"x":0.0593390166759491,"y":-0.028445543721318246,"z":0.0016911408165469766,"w":0.997836709022522},"size":233.3452606201172,"orthographic":true}